,match,team,"team color","mobility","ground pick-up",locations,"game piece","auto count","auto climb","end climb","climb time","break time","defense time","drive skill","defense skill",speed,stability,"intake consistency",scouter,comments
0,1,8768,red,TRUE,FALSE,"[]","[]",0,0,2,7,0,92,3,3,3,4,0,"24ronaldc (1072)","solid defense bot\nseems to have ground intake but only played defense\nskilled driver"
1,1,3189,blue,FALSE,TRUE,"[2]","['b']",0,0,1,3,23,0,0,0,2,2,0,"26brennar (1072)",""
2,1,8768,red,TRUE,FALSE,"[18]","['b']",1,0,2,0,0,0,2,2,4,3,0,"milena (6662)",""
3,1,100,red,FALSE,FALSE,"[5, 24]","['b', 'y']",1,0,0,0,0,0,3,1,3,3,1,"thomas j. (6662)","Stopped moving towards the end of the match and couldn’t score. "
4,1,5817,blue,FALSE,FALSE,"[20, 21, 19]","['m', 'm', 'y']",0,0,0,0,0,0,2,0,2,2,0,"26benjaminx (1072)","dropped pieces"
5,1,2551,red,TRUE,FALSE,"[2, 1, 1, 1, 21, 3, 19, 20, 12]","['b', 'm', 'm', 'y', 'y', 'y', 'y', 'y', 'm']",1,1,2,6,0,0,2,1,3,1,2,"25atharvg (1072)","Intake can pick cones up but it keeps dropping them right before it places they on the poles."
6,1,2551,red,TRUE,FALSE,"[2, 1, 1, 1, 21, 3, 19, 20, 12]","['b', 'm', 'm', 'y', 'y', 'y', 'y', 'y', 'm']",1,1,2,6,0,0,2,1,3,1,2,"25atharvg (1072)",""
7,1,100,red,FALSE,FALSE,"[5, 26, 24]","['b', 'b', 'y']",1,0,0,0,59,0,2,1,2,3,0,"24brindhac (1072)","switched to pushing pieces into level 1 when intake wasn’t working. drivetrain broke later. auton level 3 score looked stable. dropped a cone and don’t have/didn’t use ground intake"
8,1,3189,blue,FALSE,FALSE,"[5]","['b']",1,0,1,0,0,0,2,1,1,3,0,"griffinc (6662)","Was not able to pick up any game pieces besides the one they started with"
9,1,1b,unknown,FALSE,FALSE,"[19]","['y']",0,0,1,7,4,16,3,2,2,2,1,"abbie s. (1072)","fair stable but bc of the suction, they kept dropping the cones when they wobble even a little bit "
10,2,8033,blue,TRUE,FALSE,"[9, 26, 25, 27, 27, 24, 32]","['y', 'b', 'b', 'b', 'm', 'b', 'b']",1,0,0,0,22,0,2,1,2,2,3,"abbie s. (1072)",""
11,2,9202,blue,FALSE,FALSE,"[]","[]",0,0,0,0,131,0,0,0,0,0,0,"26brennar (1072)",""
12,2,670,red,FALSE,FALSE,"[]","[]",0,0,2,4,0,96,2,1,2,1,0,"25atharvg (1072)","670 just played defense the entire time but they’re pretty bad at it considering that they just kept getting rammed all over the place by the other alliance."
13,2,1148,red,FALSE,TRUE,"[17, 18, 8, 14]","['b', 'y', 'b', 'y']",0,0,2,0,0,0,1,0,2,3,0,"24ronaldc (1072)","low inteke consistency\n\nspent a minute trying to pick up a cube\n"
14,2,973,blue,TRUE,TRUE,"[24, 25, 26, 9, 8, 7, 5, 11, 12]","['y', 'y', 'b', 'b', 'b', 'b', 'b', 'b', 'y']",1,2,2,0,0,0,3,0,3,3,3,"26benjaminx (1072)","able to move quickly around defense bots "
15,2,670,red,FALSE,FALSE,"[]","[]",0,0,2,8,0,89,2,3,1,3,0,"26alberty (1072)","- westcoast bot\n- not the fastest\n- does defense, not too good however\n- bodied by 973 which was faster a lot of times\n- seems to have an arm/produding contraption, doesn't seem to work however\n- didn't tip over, seems to be relatively stable (not fast)\n- didn't score a single point\n- can dock however in tele\n"
16,2,8048,red,TRUE,FALSE,"[32, 21, 22, 32, 32]","['b', 'b', 'b', 'b', 'm']",1,2,0,0,5,3,1,2,2,4,3,"24brindhac (1072)","spent some time in the middle waiting to defend or breaking? drive pretty well with no defense. alright at defending"
17,2,8048,red,TRUE,FALSE,"[32, 17, 21, 22, 24]","['b', 'b', 'b', 'b', 'b']",1,2,0,0,0,1,2,0,2,3,3,"griffinc (6662)","Driving seemed jittery, had a period of ~10-15 seconds where it was up against a wall and having trouble getting out."
18,3,1072,red,TRUE,FALSE,"[5, 2, 7, 14, 15]","['b', 'b', 'y', 'y', 'y']",1,1,2,0,0,0,2,0,2,1,1,"24ronaldc (1072)","maybe ops is better than tech\n\ncould use more robust driving\n"
19,3,4400,blue,FALSE,FALSE,"[16, 21, 19, 27]","['b', 'b', 'b', 'b']",0,0,0,0,0,0,3,1,3,2,4,"hunter (6918)","Overall solid team"
20,3,2473,blue,TRUE,TRUE,"[16, 13]","['y', 'm']",0,0,1,0,12,0,1,0,1,2,1,"26brennar (1072)",""
21,3,1422,red,FALSE,FALSE,"[]","[]",0,0,0,0,82,0,0,0,0,0,0,"24brindhac (1072)","did nothing. didn’t line up for match in time, delayed start"
22,3,840,blue,FALSE,TRUE,"[9, 18, 16]","['b', 'y', 'y']",1,0,0,0,0,0,1,0,1,0,0,"26benjaminx (1072)","couldn't pick up cubes"
23,3,4738,red,TRUE,FALSE,"[1, 19, 21, 22, 24, 20, 3, 25, 26]","['y', 'y', 'y', 'y', 'y', 'y', 'y', 'y', 'y']",1,0,2,5,0,0,3,1,3,2,3,"25atharvg (1072)","They clearly have the ability to put cones on the top row, but they prefer the bottom row for some reason."
24,3,4400,blue,FALSE,FALSE,"[6, 1, 6, 32, 20, 3]","['b', 'b', 'b', 'm', 'm', 'b']",1,2,1,2,0,0,3,0,3,2,3,"griffinc (6662)","Has to shoot to go mid or high, did not make any of the 3-4 shots that it made. Pretty fast, good intake"
25,3,840,blue,FALSE,TRUE,"[9, 18, 16]","['b', 'y', 'y']",1,0,0,0,0,0,2,0,2,3,2,"26alberty (1072)","- pretty slow bot overall\n- takes pretty long to score, kinda inconsistent\n- maybe not worth picking\n- ground intake inconsitent, the upper intake also takes time to get in"
26,4,8262,red,FALSE,FALSE,"[]","[]",0,0,0,0,0,0,0,0,0,0,0,"mchur (6662)","Did not participate"
27,4,3970,red,FALSE,FALSE,"[4, 7, 7, 6, 15, 24, 3, 3, 21]","['y', 'y', 'm', 'y', 'y', 'y', 'y', 'm', 'b']",1,0,2,3,0,0,3,1,3,3,2,"abbie s. (1072)",""
28,4,6657,red,TRUE,FALSE,"[11, 14, 5, 2, 19]","['b', 'b', 'b', 'b', 'b']",1,0,2,3,0,0,3,1,2,1,3,"25atharvg (1072)","They’re kinda jittery which slows them down when they’re in taking and dropping, but they seem fine besides that."
29,4,6305,blue,TRUE,FALSE,"[26, 8]","['m', 'b']",2,0,0,0,0,15,1,2,1,2,0,"26brennar (1072)",""
30,4,2135,blue,FALSE,TRUE,"[9, 8, 6]","['b', 'b', 'b']",0,0,2,2,0,0,1,0,1,2,1,"26benjaminx (1072)","inconsistent intake with fully blown cubes"
31,4,3970,red,FALSE,FALSE,"[4, 7, 6, 13, 15, 3, 3]","['y', 'm', 'y', 'y', 'y', 'm', 'm']",1,0,2,6,0,0,2,1,3,4,4,"24brindhac (1072)","not much defense. intake pretty fast (ground and single substation)."
32,4,3970,red,FALSE,FALSE,"[4, 24, 7, 6, 13, 15, 22, 3, 4]","['y', 'y', 'm', 'y', 'y', 'y', 'y', 'm', 'y']",1,0,2,6,0,0,2,0,3,3,2,"griffinc (6662)","Had a roughly 50/50 consistency at high, 100 at mid, only did cones. Very solid performance"
33,4,6657,red,FALSE,TRUE,"[19, 19, 22, 24]","['y', 'b', 'b', 'm']",4,0,0,0,0,0,3,2,3,3,3,"gaby.lao (6662)",""
34,5,5104,red,TRUE,FALSE,"[9, 7, 16]","['y', 'y', 'y']",0,2,2,11,0,0,1,0,1,1,0,"24ronaldc (1072)",""
35,5,1828,blue,TRUE,TRUE,"[1, 9, 8]","['b', 'b', 'b']",0,0,2,0,0,0,1,0,1,0,0,"26benjaminx (1072)","seems like a only cube bot\ninconsistent intake with cubes\n"
36,5,8546,blue,FALSE,FALSE,"[25, 15]","['b', 'm']",0,0,2,12,0,0,3,0,4,2,0,"26brennar (1072)",""
37,5,5104,red,FALSE,FALSE,"[9, 7, 15]","['y', 'y', 'y']",0,1,2,0,0,49,2,1,3,2,2,"lizbeth (6662)",""
38,5,6711,red,FALSE,FALSE,"[32]","['b']",0,0,0,0,33,0,1,0,1,1,0,"25atharvg (1072)","I think theirye software is all bugged."
39,5,2288,red,FALSE,FALSE,"[1, 3]","['y', 'y']",1,0,2,6,7,0,2,0,2,2,1,"griffinc (6662)","Can score okay, but had trouble picking up, as the intake is very bulky and has trouble picking up from player station, when extended it was somewhat wobbly"
40,5,6711,red,FALSE,FALSE,"[15]","['b']",0,0,0,0,0,0,1,0,2,3,0,"jj (6662)","Mostly attempted to pick up game pieces during the match without success. Did not attempt defense. "
41,5,2288,red,FALSE,FALSE,"[1, 3]","['y', 'y']",1,0,2,6,0,0,1,0,0,0,1,"24brindhac (1072)","sooo slow. took around 10 seconds to intake a cone from the ground. move elevator/parts of arm individually and intake isn’t angled ideally so everything takes time"
42,5,5104,red,FALSE,TRUE,"[9, 7, 16]","['y', 'y', 'y']",0,2,2,16,0,0,2,1,3,0,1,"abbie s. (1072)","speed was good but if they started/stopped too fast, they would almost tip over, dropped their game piece or both\nalso about speed— going from one side of the map to the other was fine but when scoring they were kind of slow"
43,5,5104,red,FALSE,FALSE,"[3, 1, 3, 4, 7, 16, 25, 9]","['y', 'b', 'b', 'y', 'y', 'y', 'b', 'y']",1,0,2,0,159,0,3,2,3,4,4,"mari (6662)",""
44,6,7777,red,FALSE,FALSE,"[]","[]",0,0,0,0,0,0,0,0,0,0,0,"milena (6662)","was broken, didnt move"
45,6,1323,blue,TRUE,TRUE,"[10, 27, 25, 26, 17, 8, 5]","['y', 'y', 'y', 'b', 'b', 'b', 'b']",1,2,2,0,0,0,4,4,4,4,4,"mchur (6662)",""
46,6,7419,red,FALSE,FALSE,"[25]","['y']",0,0,2,5,18,0,0,0,1,0,0,"25atharvg (1072)",""
47,6,5026,red,FALSE,TRUE,"[4, 16, 9]","['m', 'y', 'y']",0,0,0,0,0,0,0,0,1,0,0,"24ronaldc (1072)",""
48,6,5026,red,FALSE,FALSE,"[3, 16, 9]","['y', 'y', 'y']",0,0,0,0,130,0,4,3,4,3,4,"mari (6662)",""
49,6,5026,red,FALSE,FALSE,"[3, 16, 7, 9]","['m', 'y', 'b', 'y']",0,0,0,0,0,0,3,1,3,2,2,"lizbeth (6662)",""
50,6,7777,red,FALSE,FALSE,"[]","[]",0,0,0,0,93,0,0,0,0,0,0,"gaby.lao (6662)","They rotated slightly and then did not move for the rest of the match"
51,6,7777,red,FALSE,FALSE,"[]","[]",0,0,0,0,98,0,0,0,0,0,0,"24brindhac (1072)","drive station wasn’t connected to robot"
52,6,7419,red,FALSE,FALSE,"[]","[]",0,0,2,40,34,33,0,2,2,0,0,"abbie s. (1072)","defense only\ndriver kept crashing into the wall when not playing defense"
53,6,1323,blue,TRUE,TRUE,"[10, 11, 12, 27, 25, 26, 17, 8, 7, 6, 5, 4]","['y', 'b', 'y', 'y', 'y', 'b', 'b', 'b', 'b', 'b', 'b', 'b']",2,2,2,0,0,0,3,1,3,4,4,"26benjaminx (1072)","auton is really good\ncan do all 3 levels with both game pieces"
54,7,2b,unknown,FALSE,FALSE,"[25, 15, 14, 8, 13]","['b', 'y', 'y', 'b', 'b']",0,0,2,8,0,0,4,0,4,4,3,"24salonis (1072)","973"
55,7,6662,red,TRUE,FALSE,"[8, 27]","['b', 'y']",0,2,2,0,0,0,2,2,3,1,2,"mchur (6662)",""
56,7,8768,red,TRUE,FALSE,"[14]","['b']",1,2,2,12,0,94,3,4,3,3,1,"26eddiez (1072)","They played defense for the entire match and parked on the charge station on endgame"
57,7,4400,blue,TRUE,FALSE,"[]","[]",0,0,2,5,7,49,3,3,2,0,0,"26sahilj (1072)","Def most of the match, pushed cubes and cones into comm zone for the beginning\n\nThey were sorta vibrating… during the entire match smth is prob wrong with their drivetrain"
58,7,5817,red,FALSE,FALSE,"[24, 15, 15, 19]","['y', 'y', 'm', 'y']",0,0,2,5,0,0,2,0,3,3,1,"26alberty (1072)","- bad grip\n- easily defensible, push bot they drop\n- intake is janky, slow, inconsistent "
59,7,973,blue,TRUE,FALSE,"[4, 2, 22, 32, 8]","['b', 'b', 'y', 'y', 'b']",0,0,2,22,0,4,3,2,2,3,3,"abbie s. (1072)","defense during offense? it would ram into other bots on purpose while it was going over the map to score"
60,7,6662,red,FALSE,FALSE,"[9, 9]","['b', 'b']",1,0,0,0,0,1,0,2,2,4,4,"25aaravb (1072)","Attempted to get in charge station, fell off the side"
61,8,8262,red,FALSE,FALSE,"[18, 18, 13, 12]","['b', 'm', 'b', 'b']",0,1,1,1,0,0,0,2,2,4,0,"25aaravb (1072)",""
62,8,3970,blue,FALSE,FALSE,"[27, 13, 24, 24, 32]","['y', 'y', 'm', 'm', 'b']",1,0,2,12,0,0,2,0,3,4,2,"24salonis (1072)","Much better intaking and holding cones than cubes"
63,8,2551,red,TRUE,FALSE,"[3, 6, 7, 5]","['y', 'y', 'm', 'b']",4,1,0,0,0,0,3,2,3,2,3,"gaby.lao (6662)",""
64,8,2551,red,TRUE,FALSE,"[2, 4, 6, 15, 26, 5]","['m', 'y', 'y', 'm', 'y', 'b']",1,0,2,2,2,0,3,0,3,2,1,"26mikhilk (1072)","2551\n\nStruggled to pick up some of the cones\n\nSuper fast docking time, spent most of endgame gathering game pieces"
65,8,2473,blue,TRUE,FALSE,"[25]","['y']",0,0,0,0,57,0,1,0,1,0,1,"26sahilj (1072)","Bricked, got hit by their teammates and unbricked, so I can only assume they got stuck on something\n\nTried to climb but went flying instead"
66,8,2551,red,TRUE,FALSE,"[2, 4, 6, 25, 26, 5]","['m', 'y', 'y', 'y', 'y', 'b']",1,0,2,2,0,0,3,1,2,2,3,"26eddiez (1072)","Intake is pretty stable\nAlmost tipped over a couple of times\n"
67,8,3r,unknown,FALSE,FALSE,"[]","[]",0,2,2,2,0,97,3,2,2,2,0,"25tiffanyg (1072)","- played some defense where they pushed the cubes to one side and against some bots\n- are a rookie team so driver seems pretty experienced considering that\n- knew when to go to charging station "
68,9,1671,blue,TRUE,FALSE,"[24, 32, 15, 13, 14]","['y', 'b', 'y', 'y', 'b']",1,2,2,16,0,0,3,0,3,4,3,"24salonis (1072)","They made a lot of links"
69,9,1828,red,TRUE,FALSE,"[16, 18]","['b', 'm']",0,0,1,0,7,2,3,2,2,1,0,"25aaravb (1072)","Made some assists by pushing blocks to other bots "
70,9,2135,red,TRUE,FALSE,"[]","[]",0,0,0,0,32,38,2,3,2,1,0,"gaby.lao (6662)","They mainly played defense and did not even attempt intake"
71,9,6918,red,FALSE,FALSE,"[26, 27, 25, 24]","['b', 'b', 'b', 'b']",0,0,1,0,22,0,3,3,3,4,3,"mari (6662)",""
72,9,6918,red,FALSE,FALSE,"[27]","['b']",0,0,2,29,0,8,2,2,2,3,0,"26eddiez (1072)","They didn’t use their intake at all this match\nThey tried to play defense but it wasn’t really successful\nParked on charge pad for entire endgame"
73,9,1828,red,TRUE,TRUE,"[26, 25, 24, 32, 32, 32]","['b', 'b', 'b', 'm', 'm', 'b']",0,0,2,5,0,0,1,0,2,2,0,"26alberty (1072)","- ground intake, only works on bottom\n- not too consistent, drop flailing around\n- not the fastest bot\n- driver kinda janky"
74,9,6657,blue,TRUE,FALSE,"[2, 3, 4, 6]","['b', 'b', 'm', 'b']",0,0,2,0,0,0,2,2,1,3,3,"26sahilj (1072)","They have a rlly nice and pwrful intake BUT they accidentally destroyed one of their own links by bringing one out"
75,9,2135,red,TRUE,FALSE,"[32, 20]","['b', 'b']",0,0,0,0,31,47,1,1,0,0,0,"25tiffanyg (1072)","- driver wasn't that good, bumped into outer rim a few times\n- played a bit of defense but didnt move near the end\n"
76,10,840,blue,TRUE,FALSE,"[1, 10, 2, 3]","['b', 'm', 'y', 'b']",1,0,0,9,0,0,2,0,3,3,2,"24salonis (1072)","Took forever to place gamepieces"
77,10,8546,red,FALSE,FALSE,"[13, 15]","['y', 'y']",0,0,1,16,0,6,2,3,2,0,4,"25aaravb (1072)",""
78,10,5104,blue,TRUE,FALSE,"[27, 25, 24]","['y', 'y', 'y']",0,0,2,5,0,0,2,3,3,2,3,"26sahilj (1072)","Pretty good driver, but they did almost tip once by going off charge station"
79,10,9274,red,FALSE,FALSE,"[27]","['b']",0,0,0,0,0,30,1,2,3,3,0,"26eddiez (1072)","They didn’t intake anything \nThey tried to play some defense\nThey don’t have an auton"
80,10,9274,red,FALSE,FALSE,"[5, 15, 13, 5, 6, 27]","['b', 'y', 'y', 'b', 'b', 'b']",1,0,0,0,138,0,2,3,4,3,3,"mari (6662)",""
81,10,100,red,FALSE,FALSE,"[5, 20, 3]","['b', 'y', 'm']",1,2,2,2,0,0,1,0,1,2,0,"25tiffanyg (1072)","- rlly inconsistent intake (tried like 5 times to get a cone) \n- couldnt put the cone upright \n- nice climb though\n"
82,11,6822,blue,FALSE,FALSE,"[32, 20, 26]","['b', 'b', 'b']",1,1,0,8,0,0,1,0,2,3,3,"24salonis (1072)","Only cubes"
83,11,8048,red,FALSE,FALSE,"[15, 12, 10, 13, 16, 3, 6, 15]","['b', 'b', 'b', 'b', 'b', 'b', 'b', 'b']",1,1,0,3,0,0,4,2,4,4,4,"25aaravb (1072)","fast and consistent"
84,11,6711,red,FALSE,FALSE,"[27, 32, 32, 26, 22, 3, 24, 14, 12, 13, 11]","['b', 'b', 'b', 'b', 'b', 'y', 'b', 'b', 'b', 'y', 'b']",2,0,0,0,117,0,2,3,4,3,4,"mari (6662)",""
85,11,3189,blue,FALSE,FALSE,"[8, 8, 9, 7]","['m', 'b', 'b', 'b']",1,0,2,2,0,0,2,1,3,1,1,"26sahilj (1072)","They got a cone stuck in their robot and spent ~15s trying to get it out, gave up and climb at endgame"
86,11,6711,red,FALSE,FALSE,"[17]","['b']",0,0,0,0,75,0,2,2,1,1,1,"26eddiez (1072)","Their slides were pretty slow\nThey were disabled for pretty much the entire match"
87,11,6305,red,TRUE,FALSE,"[20, 3, 12]","['b', 'y', 'y']",1,0,0,0,0,0,3,0,2,2,2,"25tiffanyg (1072)","- good communication between human player and driver/operator\n"
88,12,670,red,FALSE,FALSE,"[18, 15, 16, 9]","['y', 'y', 'b', 'y']",1,0,0,0,0,0,1,2,2,3,0,"25aaravb (1072)",""
89,12,6662,blue,TRUE,FALSE,"[18]","['m']",1,0,0,0,41,0,2,0,0,0,0,"24salonis (1072)",""
90,12,1323,red,TRUE,TRUE,"[2, 1, 2, 3, 4, 5, 20, 21, 22, 32]","['b', 'y', 'b', 'y', 'y', 'b', 'b', 'b', 'b', 'b']",1,0,2,4,0,0,4,1,3,4,3,"abbie s. (1072)",""
91,12,7419,blue,FALSE,FALSE,"[8]","['b']",0,0,2,7,0,0,2,0,2,1,2,"26sahilj (1072)","Their intake looked sideways after a crash(I think they broke it somehow), instead of playing defense after they were incapacitated they chose to climb and at ~1min left"
92,12,1323,red,TRUE,TRUE,"[11, 10, 1, 2, 20, 19, 3, 12, 4, 13, 21, 22, 32, 5]","['b', 'y', 'y', 'b', 'b', 'b', 'y', 'y', 'y', 'y', 'b', 'b', 'b', 'b']",2,2,2,5,0,0,4,3,4,4,4,"26eddiez (1072)","Extremely fast cycle times \nConsistent intake\nSkilled drivers"
93,12,2288,red,FALSE,FALSE,"[7, 7]","['y', 'y']",1,0,2,3,0,0,2,0,0,2,3,"25tiffanyg (1072)","pretty good at scoring cones \nintake was pretty consistent "
94,13,5026,blue,FALSE,FALSE,"[21, 11]","['y', 'y']",0,0,1,19,53,0,2,0,2,2,1,"24salonis (1072)",""
95,13,6238,red,FALSE,FALSE,"[9]","['m']",1,0,1,0,4,0,1,1,2,3,2,"25aaravb (1072)","Fouled "
96,13,6238,red,TRUE,FALSE,"[9]","['m']",1,0,1,18,5,72,3,3,2,2,0,"gaby.lao (6662)","Only defense"
97,13,1148,red,FALSE,FALSE,"[13, 22, 32, 13, 22, 20, 21, 15, 27, 26, 12, 14]","['y', 'b', 'b', 'y', 'b', 'b', 'b', 'y', 'b', 'b', 'y', 'b']",2,0,0,0,22,0,3,4,3,3,4,"mari (6662)",""
98,13,3970,blue,FALSE,FALSE,"[24, 27, 25, 22, 24, 26, 32, 9]","['y', 'y', 'y', 'y', 'y', 'b', 'b', 'b']",1,0,0,3,0,0,4,2,4,4,4,"26sahilj (1072)","Great robot overall their teammates messed em up a bit but good ovr"
99,13,8033,red,TRUE,TRUE,"[12, 21, 20, 22, 19, 32, 25, 26, 11, 14]","['y', 'b', 'b', 'b', 'b', 'b', 'b', 'b', 'b', 'm']",2,2,2,14,0,0,4,2,3,4,4,"26eddiez (1072)","Very consistent intake \nSometimes misplaced the cubes on the second level\nQuick cycle times"
100,13,1148,red,FALSE,FALSE,"[32, 15, 10]","['y', 'y', 'y']",0,0,0,0,0,0,3,1,2,3,2,"omkar (1072)","Overall, decent, ground intake + quick. Auto didn't work."
101,14,8546,blue,FALSE,FALSE,"[5, 14, 26, 15]","['b', 'm', 'm', 'y']",0,0,0,0,0,0,1,0,2,1,1,"26sahilj (1072)","Nearly tipped, dropped a few pieces, a lot of misses"
102,14,4400,red,TRUE,FALSE,"[26, 26, 5, 22, 21, 8, 3, 2, 1, 32, 13, 4, 20]","['b', 'b', 'b', 'b', 'b', 'b', 'y', 'b', 'y', 'b', 'y', 'y', 'b']",1,0,2,0,23,0,4,3,4,3,4,"mari (6662)","They were really good at getting cubes."
103,14,4400,red,TRUE,TRUE,"[5, 8, 2, 20, 19, 32]","['b', 'b', 'b', 'b', 'b', 'b']",6,0,1,14,0,0,4,2,4,3,4,"gaby.lao (6662)","Only gets cubes "
104,15,973,red,TRUE,FALSE,"[2, 5, 27, 2, 26, 25, 32, 22, 8, 24, 21, 20, 9]","['b', 'y', 'b', 'b', 'y', 'b', 'y', 'y', 'b', 'y', 'y', 'b', 'y']",2,2,2,0,10,0,3,4,3,3,4,"mari (6662)",""
105,15,973,red,FALSE,FALSE,"[7, 8, 17, 16, 14, 22, 3, 9, 4]","['y', 'b', 'y', 'b', 'b', 'b', 'y', 'y', 'y']",0,1,0,0,0,0,4,2,4,4,4,"25aaravb (1072)","Really good. Consistent intake, fast pace, and overall dominance."
106,16,7419,blue,FALSE,FALSE,"[]","[]",0,0,0,0,127,0,0,0,0,0,0,"25aaronc (1072)","broke"
107,16,840,red,TRUE,FALSE,"[24, 27, 32, 26, 22, 25, 11, 10, 21, 20]","['b', 'b', 'b', 'b', 'b', 'y', 'b', 'y', 'b', 'b']",0,0,0,0,116,0,3,4,3,3,4,"mari (6662)",""
108,16,840,red,FALSE,FALSE,"[20, 12, 10, 25]","['b', 'm', 'y', 'b']",1,0,0,0,0,0,2,2,2,1,0,"25aaravb (1072)","Slow and a bit shaky. Intake is flakey."
109,16,3189,red,FALSE,FALSE,"[24, 32, 22, 21]","['b', 'b', 'b', 'b']",1,0,2,2,0,1,2,1,1,3,1,"24brindhac (1072)","pretty slow, seemed to outtake on accident while intaking."
110,16,2135,red,TRUE,FALSE,"[27, 27, 26, 11]","['m', 'b', 'b', 'b']",0,0,2,8,0,0,2,2,1,2,1,"omkar (1072)","claw was not able to grab/hold consistently"
111,16,1671,blue,TRUE,FALSE,"[15, 22, 21, 32, 21, 20]","['y', 'y', 'm', 'b', 'y', 'y']",1,1,1,5,0,0,3,2,3,3,4,"25ericl (1072)","Was able to consistently score and driver was pretty good"
112,16,670,blue,TRUE,FALSE,"[27, 18, 17, 9, 8, 7]","['y', 'y', 'b', 'y', 'b', 'b']",1,0,2,6,0,0,3,1,2,3,3,"26mihirk (1072)","Ground pickup, but favors human player pickup. Consistent play throughout"
113,17,1422,blue,FALSE,FALSE,"[7]","['b']",1,0,0,0,107,0,0,0,0,0,0,"25aaronc (1072)","broke in teleop"
114,17,5940,blue,FALSE,FALSE,"[9, 2, 8, 5, 4, 7, 24]","['b', 'b', 'b', 'b', 'b', 'b', 'y']",1,0,1,6,0,0,3,0,3,4,4,"26mihirk (1072)","Almost exclusively used ground pickup to place in bottom at beginning, later placed in 3rd row."
115,17,6238,red,FALSE,FALSE,"[16]","['y']",0,0,2,2,0,0,1,1,1,2,1,"24brindhac (1072)","watched wrong robot during auton, not sure what they did.\ndropped 2 cones, no ground intake. kind of slow at aligning for scoring."
116,17,6305,blue,FALSE,FALSE,"[6]","['y']",1,0,0,0,31,0,0,1,1,1,0,"25ericl (1072)","6305\nSlow and took a long time to get game pieces.\nDropped game piece after contact with another robot.\nDriver was not experienced."
117,17,5026,red,FALSE,FALSE,"[3, 6, 4, 1, 15]","['y', 'y', 'y', 'y', 'y']",0,0,2,9,0,0,3,2,3,1,1,"25aaravb (1072)","Pretty good. moves across the field fast. Made valuable contributions. Shaky intake.  "
118,17,5940,blue,FALSE,FALSE,"[12, 10, 15, 4, 19]","['b', 'b', 'b', 'b', 'y']",0,2,1,0,0,0,4,3,4,2,3,"lizbeth (6662)","- really good team \n- I probably missed a few cones/cubes that they got "
119,18,8262,red,FALSE,FALSE,"[]","[]",0,0,0,0,0,0,0,0,0,0,0,"24brindhac (1072)","did not show up"
120,19,7777,red,TRUE,FALSE,"[]","[]",0,0,2,14,6,18,0,1,0,2,0,"24brindhac (1072)","rotates in place a lot. got penalties from defense. didn’t see intake"
121,19,6662,blue,FALSE,FALSE,"[5, 9]","['b', 'b']",1,0,0,0,0,0,2,2,3,,,"sarah - 6662 - strategist (6662)","Got stuck on the charge station, but scored twice before that"
122,20,7419,red,TRUE,FALSE,"[]","[]",0,0,2,34,24,3,0,1,1,2,0,"24brindhac (1072)","didn’t use intake. lost connection for a while, blocked single substation. "
123,21,2473,red,FALSE,FALSE,"[]","[]",0,0,0,0,21,1,0,0,0,0,0,"25audreyc (1072)","they didn’t do anything… like they weren’t bricked (?) but they just didn’t do anything…"
124,21,6657,blue,FALSE,FALSE,"[17, 8]","['b', 'b']",1,0,0,0,36,0,0,0,2,1,1,"25agastyar (1072)","Robot dropped the cubes often, and wasn’t moving for most of the match."
125,21,2135,blue,FALSE,FALSE,"[5, 6]","['b', 'b']",0,0,2,2,0,0,2,2,1,3,4,"26sahilj (1072)","Nearly tipped once"
126,21,1072,red,TRUE,FALSE,"[6, 21, 12, 14]","['m', 'm', 'y', 'm']",1,1,1,8,0,0,2,1,2,3,1,"25ericl (1072)","Intake was not consistent and dropped cones"
127,21,5940,blue,FALSE,FALSE,"[21, 2, 3, 32, 4, 24, 25, 16, 5]","['y', 'b', 'b', 'b', 'b', 'y', 'y', 'y', 'b']",1,1,2,6,0,0,3,2,3,4,4,"25aaronc (1072)","good intake and stability, good driver. fast cycle"
128,21,3189,red,FALSE,FALSE,"[26, 25, 24]","['b', 'b', 'b']",1,0,0,0,0,0,2,0,1,1,2,"25atharvg (1072)","Very slow and can only do bottom row cubes."
129,22,1671,blue,FALSE,FALSE,"[25, 25, 22, 27, 26]","['y', 'y', 'y', 'y', 'b']",1,0,2,2,0,0,4,3,3,4,4,"26sahilj (1072)","Great robot ovr"
130,22,1323,blue,FALSE,FALSE,"[12, 32, 21, 19, 20, 2, 1, 32, 3, 5, 6]","['y', 'b', 'y', 'y', 'b', 'b', 'b', 'b', 'b', 'b', 'b']",2,2,2,3,0,0,4,2,4,4,4,"25aaronc (1072)","great robot"
131,22,5817,red,FALSE,FALSE,"[]","[]",0,0,0,0,141,0,0,0,0,0,0,"25audreyc (1072)","died"
132,22,1828,red,FALSE,TRUE,"[]","[]",0,0,0,0,0,0,0,0,1,3,0,"25ericl (1072)","Inconsistent intake and couldn't score post defense"
133,22,6711,red,FALSE,FALSE,"[2]","['b']",0,0,0,0,21,39,1,1,0,1,0,"25atharvg (1072)","hard to tell if they’re playing defense of if they’re bricked. either way they kinda suck"
134,22,9202,blue,TRUE,FALSE,"[]","[]",0,0,0,0,0,0,0,0,0,2,0,"25agastyar (1072)","Intake was a claw attatched to a string that never picked anything up. Got wrapped around the robot too."
135,23,8768,red,FALSE,FALSE,"[21, 19, 22]","['b', 'y', 'y']",1,0,2,8,0,0,1,1,2,1,0,"25atharvg (1072)","Intake/claw really sucked and they eventually gave up and started pushing cones."
136,23,4400,red,FALSE,TRUE,"[6, 4, 27, 24, 8, 32, 25, 26]","['b', 'b', 'b', 'b', 'b', 'b', 'b', 'b']",0,1,1,1,0,3,4,1,2,3,4,"25ericl (1072)","Constantly scored cubes and driver was skilled"
137,23,1422,red,FALSE,FALSE,"[27, 21, 27]","['b', 'b', 'b']",1,0,0,0,0,18,1,1,1,0,0,"25audreyc (1072)","they just shoved cubes around "
138,23,2288,blue,FALSE,FALSE,"[22, 24]","['y', 'm']",1,0,1,12,0,42,1,2,1,0,2,"25aaronc (1072)","clunky, driver slightly inexperienced, ok defense"
139,23,7777,blue,FALSE,FALSE,"[24, 9, 7, 5]","['y', 'b', 'b', 'b']",1,0,0,9,0,15,1,2,1,0,0,"26sahilj (1072)","Their intake was swinging around the whole match and it didn’t do much except push stuff in"
140,23,6918,blue,FALSE,FALSE,"[8]","['b']",0,0,1,0,12,0,0,0,2,1,1,"25agastyar (1072)","Intake appeared to not reach high enough. Drivetrain seemed to have problems at the beginning."
141,24,8262,red,FALSE,FALSE,"[]","[]",0,0,0,0,0,0,0,0,0,0,0,"25ericl (1072)","Not present"
142,24,9274,blue,TRUE,FALSE,"[2, 8]","['y', 'b']",1,0,2,11,0,0,1,0,0,0,0,"26sahilj (1072)","Robot was falling apart, went too far during Auto, jank "
143,24,670,red,FALSE,FALSE,"[22, 32, 24, 6, 21, 4, 4, 4, 5]","['y', 'b', 'b', 'y', 'y', 'm', 'm', 'y', 'b']",1,2,2,4,0,0,4,2,4,3,3,"25atharvg (1072)","670 literally carried. "
144,24,8048,blue,TRUE,FALSE,"[6, 9, 8, 7, 4]","['b', 'b', 'b', 'b', 'b']",1,2,2,0,0,0,2,0,3,3,3,"25agastyar (1072)","Only able to score in the bottom area, and only with cubes."
145,24,5104,blue,TRUE,TRUE,"[10, 12, 13, 21]","['y', 'y', 'y', 'y']",0,0,0,0,9,0,1,2,0,0,0,"25aaronc (1072)","intake unreliable, tipped over"
146,24,6305,red,TRUE,FALSE,"[11, 7]","['b', 'y']",1,0,2,6,0,0,1,0,0,0,0,"25audreyc (1072)","they r slow and kinda sucked "
147,25,6822,red,TRUE,FALSE,"[8, 5, 11]","['b', 'b', 'b']",1,0,0,0,0,0,1,0,1,1,2,"25audreyc (1072)","kinda slow, intake kinda janky"
148,25,100,red,FALSE,FALSE,"[6, 21, 20, 26]","['b', 'y', 'y', 'y']",1,1,1,19,0,0,2,0,2,3,3,"25ericl (1072)",""
149,25,6238,red,FALSE,FALSE,"[12, 6, 7, 25]","['y', 'y', 'm', 'y']",1,0,2,5,0,0,1,1,3,3,2,"25atharvg (1072)","Overall decent robot but the driver really sucks. "
150,25,2551,blue,FALSE,FALSE,"[32, 24, 1, 3, 2]","['b', 'y', 'b', 'b', 'y']",0,0,0,0,0,0,2,1,3,2,2,"26sahilj (1072)","Hit teammates a bit, intake sometimes wouldn’t intake esp when ground pickup"
151,25,6662,blue,TRUE,FALSE,"[9, 7]","['b', 'b']",0,0,2,0,0,0,1,0,2,2,1,"25agastyar (1072)","wonky intake"
152,25,5026,blue,TRUE,TRUE,"[21, 20, 24, 10]","['y', 'b', 'y', 'y']",1,2,2,5,0,0,2,2,3,3,3,"25aaronc (1072)","driver kept crashing into othrt bots"
153,25,100,red,FALSE,FALSE,"[6, 20]","['b', 'y']",1,2,2,4,0,0,4,1,3,2,1,"26alberty (1072)","- intake kinda janky\n- robot intake broke during match\n-still persistent, tried to push things in afterwards\n- also ranked pretty high right now\n- not a bad team"
154,26,5817,red,FALSE,FALSE,"[14, 32]","['y', 'y']",1,0,0,0,0,0,2,2,3,0,2,"bodie (6662)","Disabled"
155,26,7419,blue,TRUE,FALSE,"[]","[]",0,0,0,0,35,0,0,0,0,2,0,"25agastyar (1072)",""
156,26,8033,red,FALSE,FALSE,"[12, 27, 25, 26, 32, 20]","['y', 'b', 'b', 'b', 'b', 'b']",1,2,0,0,0,0,3,0,3,4,4,"25audreyc (1072)","p good just got blocked by teammates "
157,26,4738,blue,FALSE,TRUE,"[22, 9, 8, 7, 6, 4, 3]","['y', 'y', 'y', 'y', 'y', 'b', 'y']",1,2,1,8,0,0,3,2,3,3,3,"25aaronc (1072)",""
158,26,6657,blue,TRUE,FALSE,"[17, 11, 5]","['b', 'b', 'b']",1,0,1,3,0,11,2,2,1,1,2,"26sahilj (1072)",""
159,26,5817,red,FALSE,FALSE,"[20]","['b']",0,1,1,0,56,27,2,3,2,2,0,"25ericl (1072)","Mainly played defense"
160,26,1072,red,TRUE,FALSE,"[7, 13, 13, 14, 15]","['b', 'm', 'y', 'b', 'm']",1,0,2,4,0,0,3,1,3,1,1,"25atharvg (1072)",":("
161,26,5817,red,FALSE,FALSE,"[20]","['b']",0,2,1,0,62,40,2,1,1,3,0,"26alberty (1072)","- didn't do much\n- bricked\n- bad def\n- not much contribution"
162,25,6822,red,FALSE,FALSE,"[]","[]",0,0,0,0,0,0,0,0,0,0,0,"25aaravb (1072)",""
163,27,1148,blue,FALSE,FALSE,"[8, 27, 6, 17, 26]","['y', 'y', 'y', 'b', 'b']",1,0,0,0,2,0,3,0,2,2,2,"25agastyar (1072)","Intake seemed inconsistent for cones but otherwise good."
164,27,9202,blue,TRUE,FALSE,"[9, 8]","['b', 'y']",0,2,2,22,0,7,1,1,1,2,0,"26sahilj (1072)","Did they have an intake?? "
165,27,1671,red,TRUE,FALSE,"[4, 22, 7, 6, 3, 5]","['y', 'm', 'y', 'y', 'y', 'b']",1,2,2,12,0,0,3,0,4,3,4,"25audreyc (1072)","v good"
166,27,4400,red,TRUE,FALSE,"[2, 8, 5, 5, 21, 19, 19, 20, 22]","['b', 'b', 'm', 'b', 'b', 'm', 'b', 'b', 'b']",0,0,0,0,0,0,3,0,3,1,3,"25atharvg (1072)","Can only do cubes but honestly it’s really good at doing those."
167,27,3189,blue,FALSE,FALSE,"[]","[]",0,0,2,15,141,0,0,0,0,0,0,"25aaronc (1072)","cube stucj in intake. didnt play defense, had to be pushed onto the charge station"
168,27,2288,red,FALSE,FALSE,"[9]","['b']",1,0,1,12,5,0,0,0,1,2,0,"25ericl (1072)","Couldn't get the game pieces and driver was struggling. Could not get the cone from intake out."
169,28,7777,red,FALSE,FALSE,"[25]","['b']",0,0,2,6,0,0,1,0,0,0,0,"25audreyc (1072)","pushed one cube into the thing the whole match "
170,28,7777,red,FALSE,FALSE,"[]","[]",0,0,1,5,0,0,0,1,1,3,2,"25aaravb (1072)","Slow. Tried pushing blocks most of the game but failed to score. Got on charge station smoothly."
171,28,973,red,FALSE,TRUE,"[1, 3, 2, 20, 22, 21, 32, 24, 25, 26, 12, 13, 14]","['y', 'y', 'b', 'b', 'b', 'b', 'b', 'b', 'b', 'b', 'y', 'b', 'm']",1,1,0,0,0,0,4,2,4,3,4,"25ericl (1072)","Very consistent scoring for cubes"
172,28,8768,red,FALSE,FALSE,"[26, 26, 27]","['m', 'b', 'y']",1,0,2,5,0,0,2,1,4,2,1,"25atharvg (1072)","Kept dropping pieces before it could place them in the right spot."
173,28,8546,blue,FALSE,FALSE,"[13, 1]","['y', 'y']",0,0,2,17,0,45,1,2,1,3,2,"25aaronc (1072)",""
174,28,2135,blue,FALSE,FALSE,"[5, 14, 26]","['b', 'b', 'b']",0,0,2,15,0,0,3,2,2,2,2,"26sahilj (1072)","Nearly fell off climb(possibly by design they fit 3 robots on there)\nAuto hit the side of the charge station"
175,28,2473,blue,FALSE,FALSE,"[7, 4]","['b', 'b']",0,0,1,0,0,0,1,0,1,3,0,"25agastyar (1072)","Dropped cubes often, can only score bottom."
176,29,1323,blue,FALSE,TRUE,"[24, 27, 25, 24, 22, 18, 26, 32]","['y', 'y', 'y', 'y', 'y', 'y', 'b', 'b']",1,0,2,2,0,0,4,0,4,4,4,"26mihirk (1072)","Madtown good"
177,29,8048,blue,TRUE,FALSE,"[6, 1, 2, 3, 4]","['b', 'b', 'b', 'b', 'b']",1,2,2,5,0,0,2,0,2,,,"25yifanl (1072)","good speed only bottom score and slow intake"
178,29,8048,blue,TRUE,FALSE,"[6, 1, 2, 3, 4]","['b', 'b', 'b', 'b', 'b']",1,2,2,5,0,0,2,0,2,,,"25yifanl (1072)",""
179,29,3970,red,FALSE,FALSE,"[6, 20, 21]","['y', 'b', 'b']",1,1,0,12,15,33,1,2,2,3,0,"abbie s. (1072)",""
180,29,1828,blue,TRUE,FALSE,"[]","[]",0,0,0,0,0,0,1,1,2,1,0,"25agastyar (1072)","Intake didn’t seem to be working"
181,29,6238,red,FALSE,FALSE,"[18]","['y']",1,0,0,0,10,69,2,4,2,3,0,"25giae (1072)","they played defense the whole match"
182,29,840,red,FALSE,FALSE,"[10]","['b']",1,0,2,20,0,0,0,2,1,1,0,"25aaravb (1072)","Struggled with intake. Dropped two cubes after holding them."
183,29,6238,red,FALSE,FALSE,"[18]","['y']",1,0,0,0,0,130,1,1,1,1,0,"26alberty (1072)","- def bot\n- not too good or consistent\n- up against 1323, too slow and unstable to be good defender\n- advise to not pick "
184,29,8048,blue,TRUE,FALSE,"[6, 5, 4, 2, 1, 3]","['b', 'b', 'b', 'b', 'b', 'b']",1,2,2,5,0,0,1,0,2,2,2,"25yifanl (1072)","good consistency but slow intake \nfast drive and only lower rung"
185,30,9274,blue,TRUE,FALSE,"[]","[]",0,0,0,0,84,0,0,0,0,0,0,"25agastyar (1072)","stopped the whole match"
186,30,1422,red,FALSE,FALSE,"[20, 32]","['b', 'y']",1,0,0,24,0,16,0,0,0,0,0,"abbie s. (1072)",""
187,30,100,red,FALSE,FALSE,"[9, 7]","['m', 'y']",0,0,2,8,9,0,2,0,2,3,3,"25giae (1072)",""
188,30,8033,blue,TRUE,TRUE,"[3, 1, 4, 2, 5, 6, 7, 7, 8, 11, 32]","['b', 'b', 'b', 'b', 'b', 'b', 'b', 'm', 'b', 'b', 'b']",1,1,0,0,0,0,4,0,4,4,3,"25yifanl (1072)","intake likes to bounce cubes out otherwise super good intake and cycle speed a little slip up at the end with human player miscommunication but very good"
189,30,100,red,FALSE,FALSE,"[5, 9, 7]","['b', 'm', 'b']",1,2,1,8,0,0,2,3,2,3,1,"25aaravb (1072)","Little bit of trouble with intake, and was a bit slow. Otherwise, functioned smoothly."
190,30,5104,red,FALSE,TRUE,"[7, 22, 6, 4]","['y', 'y', 'y', 'y']",0,1,2,0,0,0,1,0,2,0,2,"26alberty (1072)","- pretty unstable and tipsy; big upper body mass\n- can probably be easily defended against\n- smooth intake, but placement a bit janky (like us)\n- driver wasn't too good, rammed into the intake/allied boys\n\n"
191,30,9274,blue,TRUE,FALSE,"[]","[]",0,0,0,0,145,0,0,0,0,0,0,"26mihirk (1072)","I accidentally scouted 9274 instead of 6711, but 9274 had major reliability and mobility issues and could barely do anything."
192,31,5026,red,FALSE,FALSE,"[6, 3, 4, 1]","['y', 'y', 'y', 'y']",1,0,0,0,0,0,0,0,0,0,0,"abbie s. (1072)",""
193,31,2551,blue,TRUE,FALSE,"[26, 2, 1]","['b', 'y', 'b']",1,0,2,3,0,0,1,0,2,0,0,"25yifanl (1072)","hard time intaking and ended up just pushing pieces around"
194,31,670,red,TRUE,FALSE,"[18, 16, 16, 9, 9, 7]","['y', 'b', 'y', 'b', 'y', 'y']",1,0,2,16,5,0,4,1,2,4,3,"25giae (1072)",""
195,31,670,red,TRUE,FALSE,"[18, 17, 16, 8, 9, 7, 6]","['y', 'b', 'y', 'b', 'y', 'y', 'b']",1,0,1,0,0,0,4,2,3,3,3,"25aaravb (1072)",""
196,31,4738,blue,TRUE,FALSE,"[25, 22, 27]","['y', 'y', 'y']",1,2,2,7,0,0,2,1,3,4,3,"26mihirk (1072)","Solid bot, not great at anything in particular.Seems pretty reliable overall."
197,31,670,red,TRUE,TRUE,"[18, 17, 16, 8, 9, 7, 26]","['y', 'b', 'y', 'b', 'y', 'y', 'b']",1,0,0,4,0,0,3,0,3,3,4,"26alberty (1072)","- REALLY GOOD AND STABLE INTAKE\n- consistent with scoring as well, snappy as well\n- best i put at human loading station, maybe chokehold? but also not bad from the ground\n- REALLY FAST CLIMB\n- team also v spirited"
198,32,6305,red,TRUE,FALSE,"[]","[]",0,0,0,0,16,0,2,0,2,3,1,"25giae (1072)",""
199,32,6305,red,TRUE,FALSE,"[11, 13]","['b', 'y']",1,0,0,0,0,0,1,2,0,4,3,"25aaravb (1072)","Slow. Kind of clueless near end of game. Alright though."
200,32,1072,red,FALSE,FALSE,"[5, 13, 12, 1, 1, 10, 20]","['b', 'y', 'y', 'y', 'm', 'y', 'b']",1,2,2,4,0,0,0,0,0,0,0,"abbie s. (1072)","tbh i think controlling our speed really helped keep us stable compared to our last couple matches"
201,32,2473,blue,TRUE,FALSE,"[9]","['b']",0,0,2,12,0,0,1,0,0,4,0,"26mihirk (1072)","Only able to pickup one cube, input arm seemed to be totally failing."
202,32,6918,blue,FALSE,TRUE,"[2, 3, 4, 13]","['b', 'y', 'b', 'm']",0,0,2,3,2,0,1,0,1,0,0,"26alberty (1072)","- ground intake unstable and janky\n- not the fastest either\n- scoring also not reliable\n- weird unreliable pincer mechanic"
203,33,3189,red,FALSE,TRUE,"[]","[]",0,0,0,0,58,0,0,0,0,0,0,"26benjaminx (1072)","Drivetrain seems to be broken"
204,33,1323,red,TRUE,TRUE,"[10, 10, 12, 7, 9, 9, 18, 7, 16, 15]","['b', 'y', 'y', 'y', 'y', 'm', 'y', 'b', 'b', 'b']",3,0,2,5,0,0,4,3,4,4,2,"25giae (1072)",""
205,33,8768,blue,FALSE,FALSE,"[8]","['b']",1,0,2,13,0,71,0,2,0,1,0,"25yifanl (1072)","mostly defense and good help on climb"
206,33,1671,blue,TRUE,FALSE,"[24, 22, 21, 4, 32, 32, 25, 20, 11, 20]","['y', 'y', 'y', 'b', 'b', 'm', 'y', 'm', 'b', 'b']",1,2,2,4,0,0,4,2,4,4,2,"25agastyar (1072)",""
207,33,973,red,FALSE,FALSE,"[5, 4, 3, 1, 13, 16, 16]","['b', 'y', 'y', 'y', 'y', 'y', 'm']",0,2,2,9,0,0,0,0,0,0,0,"abbie s. (1072)",""
208,33,8048,blue,TRUE,FALSE,"[2, 1, 3, 4, 5]","['b', 'b', 'b', 'b', 'b']",1,0,2,3,0,0,3,0,4,4,4,"26mihirk (1072)","Pretty much only scored in the bottom row, but intake was very consistent and the driving was also solid. Also has potential for 3 bot endgame."
209,33,1323,red,TRUE,FALSE,"[10, 13, 7, 9, 18, 9, 7, 14]","['b', 'y', 'y', 'm', 'm', 'y', 'b', 'b']",2,0,1,3,0,0,2,3,2,2,2,"25aaravb (1072)",""
210,34,5104,blue,TRUE,FALSE,"[27, 27, 25]","['m', 'm', 'y']",0,0,2,0,0,0,1,1,1,1,1,"24ronaldc (1072)","mid"
211,34,2135,red,TRUE,FALSE,"[27, 26, 25, 24]","['b', 'b', 'b', 'b']",0,0,2,0,0,0,2,0,2,2,2,"25agastyar (1072)",""
212,34,7419,red,FALSE,TRUE,"[32, 22]","['b', 'b']",1,0,0,0,90,0,0,0,0,0,0,"26benjaminx (1072)","was bricked early in the game\nby other bot or some other reason (foul?)"
213,34,4400,blue,FALSE,FALSE,"[32, 11, 26, 5, 17, 7, 2]","['b', 'b', 'b', 'b', 'm', 'b', 'b']",0,0,2,2,0,0,3,1,3,4,4,"24brindhac (1072)","shoots well, might have missed a few. intakes pretty consistently. small, did triple climb."
214,35,9274,red,FALSE,TRUE,"[14]","['b']",1,0,2,11,0,56,1,2,1,0,0,"26benjaminx (1072)","defense bot\nlittle unstable"
215,35,5940,blue,TRUE,TRUE,"[19, 20, 32, 7, 8, 3, 9, 22, 25]","['y', 'b', 'b', 'b', 'b', 'b', 'b', 'y', 'y']",9,0,1,0,0,0,4,4,4,4,4,"24ronaldc (1072)","at kabir clown emoji"
216,35,2288,blue,FALSE,FALSE,"[24, 22, 5, 6]","['y', 'y', 'b', 'b']",1,0,2,2,0,0,1,1,1,2,0,"24brindhac (1072)","take time to intake. did a little defense when bread was getting game pieces, not that good."
217,36,8262,blue,FALSE,FALSE,"[]","[]",0,0,0,0,0,0,0,0,0,0,0,"24ronaldc (1072)","no show"
218,36,9202,red,FALSE,FALSE,"[25, 26, 27]","['y', 'y', 'y']",0,1,2,0,0,0,1,0,2,1,0,"25agastyar (1072)","no intake\n"
219,36,5026,blue,TRUE,FALSE,"[32, 24, 25, 26, 27, 11, 19, 20]","['y', 'y', 'y', 'y', 'y', 'b', 'y', 'm']",1,0,2,2,0,0,1,2,2,3,2,"24brindhac (1072)","had some problems intaking. 9202 seemed like good driving/defense near middle of field. 5026 slightly delayed by them"
220,37,6238,blue,FALSE,FALSE,"[18, 16, 8]","['y', 'y', 'y']",0,0,2,0,0,0,1,0,1,1,1,"24ronaldc (1072)","a bit lethargic"
221,37,6711,blue,FALSE,FALSE,"[]","[]",0,0,0,0,112,0,0,0,0,0,0,"24brindhac (1072)","delayed start of match, robot couldn’t connect "
222,38,6918,blue,FALSE,FALSE,"[5, 32]","['b', 'b']",0,0,2,0,0,0,0,0,0,0,0,"24ronaldc (1072)","not worth picking"
223,38,8546,blue,FALSE,FALSE,"[32]","['y']",0,0,2,2,1,4,1,2,2,2,0,"24brindhac (1072)","spent half of match trying to intake, didn’t score much. moves decently fast, a little tippy."
224,39,5940,blue,TRUE,TRUE,"[22, 32, 22, 32, 25, 21]","['y', 'y', 'y', 'b', 'y', 'b']",2,0,2,0,0,0,3,0,3,4,3,"24ronaldc (1072)","good "
225,39,2473,red,TRUE,TRUE,"[19, 19]","['m', 'b']",1,0,1,0,0,0,0,0,0,0,0,"26benjaminx (1072)","not defense but doesn't move either"
226,39,5817,blue,FALSE,FALSE,"[]","[]",0,0,2,4,0,62,3,4,2,3,0,"24brindhac (1072)","didn’t use intake. good defense, no penalties."
227,40,973,blue,TRUE,TRUE,"[25, 4, 5, 6, 8, 7, 9, 27, 26]","['y', 'b', 'b', 'b', 'b', 'b', 'b', 'y', 'b']",0,2,2,0,0,0,4,0,4,4,4,"24ronaldc (1072)","cracked\n"
228,40,1828,red,TRUE,TRUE,"[27, 26, 25]","['b', 'b', 'b']",0,0,0,2,0,19,2,1,1,0,0,"26benjaminx (1072)","only pickup cubes, inconsistent\nturned defense bot"
229,40,2135,blue,TRUE,FALSE,"[1, 1, 2, 4, 11]","['m', 'b', 'b', 'b', 'm']",1,0,2,8,0,0,2,1,2,2,2,"24brindhac (1072)","no defense. moves pretty fast, not very tippy. no fouls."
230,40,1828,red,TRUE,FALSE,"[18, 18, 17, 8]","['m', 'b', 'b', 'b']",0,0,0,0,0,0,0,2,1,4,1,"25aaravb (1072)","Trouble with intake, slow function. Did well to push some cubes to score from tough positions."
231,41,6657,blue,TRUE,FALSE,"[8, 5, 1]","['b', 'b', 'b']",0,0,2,2,0,0,2,0,2,3,3,"25audreyc (1072)",""
232,41,1422,blue,FALSE,FALSE,"[9]","['b']",1,0,0,0,0,0,0,0,1,1,0,"26sahilj (1072)","Pushed things to their teammates for a bit and then tried to pick stuff up and failed a lot"
233,41,9202,red,FALSE,FALSE,"[20]","['b']",0,0,2,12,0,64,2,3,3,2,0,"26eddiez (1072)","They played defense the entire match, but didn’t really block anybody that much"
234,41,8768,red,TRUE,FALSE,"[]","[]",0,0,2,0,0,113,2,3,3,2,0,"26benjaminx (1072)","pure defense bot"
235,41,8768,red,TRUE,FALSE,"[17]","['b']",1,0,1,5,0,77,3,4,4,4,2,"25aaravb (1072)","Played defense all of Teleop. Was a nuisance to the other team. Good driving and fast movement."
236,42,8546,red,FALSE,FALSE,"[10, 12, 15]","['y', 'y', 'y']",0,0,1,10,0,0,2,2,2,3,2,"25aaravb (1072)",""
237,42,100,blue,FALSE,FALSE,"[32, 6, 3]","['b', 'y', 'y']",1,2,2,12,0,0,2,1,2,2,1,"25audreyc (1072)","dropped 2 cones"
238,42,6711,blue,FALSE,FALSE,"[26]","['b']",0,0,2,12,0,25,2,3,2,1,1,"26sahilj (1072)","They got a cube stuck in their claw somehow but they got it out and played de"
239,42,6238,red,FALSE,FALSE,"[2, 3]","['b', 'y']",0,0,2,14,0,0,3,1,3,3,2,"26eddiez (1072)","Their intake sometimes is hard to align, but overall their robot is quite stable and doesn’t tend to tip over easily\nThey also have a hard time aligning with the high pole. "
240,42,8546,red,FALSE,TRUE,"[10, 12, 11, 15, 16]","['y', 'y', 'b', 'y', 'y']",0,0,1,0,0,0,3,0,3,1,1,"26benjaminx (1072)","good intake with cones, less with cubes (didn't try much with cubes)"
241,43,1323,blue,FALSE,FALSE,"[10, 20, 19, 22, 24, 25, 32, 26, 4, 3, 2, 6]","['y', 'b', 'y', 'y', 'y', 'y', 'b', 'b', 'b', 'b', 'b', 'b']",2,2,0,0,0,0,4,4,4,4,4,"25audreyc (1072)","spin2win"
242,43,6918,red,FALSE,TRUE,"[27]","['y']",1,0,2,2,0,41,0,2,1,0,0,"26benjaminx (1072)","defense bot\nlittle unstable, center or gravity a bit high bc of arm"
243,43,7777,blue,TRUE,FALSE,"[]","[]",0,0,2,2,0,0,1,0,1,2,0,"26sahilj (1072)","They just kinda pushed around pieces for like half the match and the second half I have no idea what they were doing "
244,43,1148,red,FALSE,FALSE,"[5, 2]","['b', 'b']",0,0,2,30,0,0,3,1,3,2,2,"26eddiez (1072)","Intake is a little bit inconsistent\nIt looks like it’s going to tip over when the arm is moved at high speeds\nPicks off stuff from the ground "
245,43,6918,red,FALSE,FALSE,"[18]","['y']",1,0,1,16,0,31,1,1,1,4,2,"25aaravb (1072)","Played defense all of teleop, but didn’t do great at it. Fouled once. Couldn’t stop plays."
246,44,6305,blue,FALSE,FALSE,"[18, 26]","['y', 'b']",0,0,2,11,0,0,2,2,3,3,3,"26sahilj (1072)",""
247,44,8033,blue,TRUE,TRUE,"[27, 2, 3, 1, 4, 5, 6, 7, 8]","['y', 'b', 'b', 'b', 'b', 'b', 'b', 'b', 'y']",1,2,0,0,0,0,3,0,3,4,4,"25audreyc (1072)","v solid. dropped cone at end"
248,44,2551,red,TRUE,TRUE,"[2, 20, 19, 22, 32, 24]","['b', 'b', 'b', 'b', 'm', 'b']",1,0,0,0,0,0,2,0,2,0,0,"26benjaminx (1072)","inconsistent intake\ncannot pickup cones"
249,44,2551,red,TRUE,FALSE,"[12, 14, 14]","['b', 'b', 'm']",0,0,0,0,0,0,1,2,2,4,0,"25aaravb (1072)","Struggled with intake and lost a lot of time"
250,44,7419,red,TRUE,FALSE,"[]","[]",0,0,2,29,5,34,3,3,3,2,1,"26eddiez (1072)","I think a cube got stuck in their robot, so they played defense instead\nThey were ok at defense, but I think they weee pushed around a little easily\n"
251,45,8262,blue,FALSE,FALSE,"[]","[]",0,0,0,0,0,0,0,0,0,0,0,"25audreyc (1072)","didn’t show up"
252,45,5104,blue,TRUE,FALSE,"[16, 18]","['y', 'y']",0,2,0,0,0,0,3,2,2,0,2,"26sahilj (1072)","Tipped\nOk bot tho"
253,45,5940,red,FALSE,FALSE,"[1, 2, 8, 20, 3, 4, 6, 12]","['y', 'b', 'b', 'b', 'y', 'y', 'y', 'b']",2,1,0,0,0,0,3,2,3,2,3,"25aaravb (1072)","Fast and efficient. Tried to side clamp onto charge station but failed. Good overall."
254,45,8768,red,TRUE,FALSE,"[27]","['b']",1,0,2,29,0,82,4,4,4,2,1,"26eddiez (1072)","They played defense the entire match \nThey were really good defense boys and were able to prove r reboots firmly on crossing the field\nFast\n"
255,45,5940,red,TRUE,TRUE,"[1, 2, 20, 3, 4, 6, 21]","['y', 'b', 'b', 'y', 'y', 'y', 'b']",2,2,0,0,0,0,4,0,4,3,4,"26benjaminx (1072)","great robot in general, can pick up both game pieces\n(bread)"
256,46,1422,blue,FALSE,FALSE,"[2, 9]","['b', 'm']",0,0,0,0,24,0,1,0,1,3,0,"26sahilj (1072)","No intake"
257,46,6662,blue,TRUE,FALSE,"[26, 20]","['b', 'b']",0,0,2,6,0,0,1,0,2,1,2,"25audreyc (1072)","meh they nearly fell over and also dropped cube a bunch"
258,46,3970,red,TRUE,FALSE,"[1, 13, 14, 3, 11, 22]","['y', 'y', 'y', 'y', 'b', 'b']",1,0,1,10,0,0,4,3,2,4,4,"25aaravb (1072)"," good driving. Overall very good."
259,46,1828,red,TRUE,FALSE,"[27, 26, 25]","['b', 'b', 'y']",0,0,0,0,0,26,3,2,3,2,0,"26eddiez (1072)","They didn’t use their intake during the match, they just pushed stuff into the lower level\nPlayed a little defense\n"
260,46,3970,red,TRUE,TRUE,"[1, 13, 15, 3, 20, 22]","['y', 'y', 'y', 'y', 'b', 'b']",1,0,2,0,0,0,3,0,3,4,2,"26benjaminx (1072)","inconsistent cone ground intake but consistent HPS\nlooks to prefer cones\ncan pickup cubes from ground and HPS"
261,46,9274,blue,TRUE,FALSE,"[]","[]",0,0,2,11,0,30,0,1,0,2,0,"25tiffanyg (1072)","they sucked a lot.\n\nthey got some penalties by going into the opposing loading station and played defense on their defense bot \n\ndoesnt have an intake, it just pushes the boxes "
262,47,8546,blue,FALSE,FALSE,"[]","[]",0,0,1,3,0,83,4,4,3,4,2,"26sahilj (1072)","Def bot THEIR DRIVER IS CRACKED"
263,47,6657,red,FALSE,FALSE,"[14, 12, 11, 14, 32, 22, 19]","['b', 'y', 'b', 'm', 'b', 'b', 'b']",2,0,2,0,0,0,3,2,2,4,4,"25aaravb (1072)","Decent driving, good intake"
264,47,6918,red,FALSE,FALSE,"[26]","['b']",0,0,0,0,33,0,1,1,1,2,0,"26eddiez (1072)","They didn’t do anything this match \nSlow, can’t play defense\nDidn’t intake anything\nCan’t climb the charge station "
265,47,670,blue,TRUE,FALSE,"[16, 17, 25, 27]","['y', 'b', 'y', 'y']",0,0,0,0,0,0,2,1,2,4,3,"25audreyc (1072)","like ik it’s rated high but they kinda fell off"
266,47,973,blue,TRUE,FALSE,"[11, 32, 22, 24, 25, 26, 20]","['m', 'b', 'y', 'y', 'y', 'b', 'b']",1,2,1,8,0,0,4,0,4,4,4,"25tiffanyg (1072)","- super consistent intake, and places cones and cubes really effectively and accurately!\n-they went zoom zoom a lot which is rlly good but their climb is a bit iffy"
267,48,4400,blue,FALSE,FALSE,"[32, 26, 8, 7, 8, 6, 5]","['b', 'b', 'm', 'm', 'b', 'b', 'b']",1,2,2,2,0,0,2,3,3,2,3,"26sahilj (1072)","Occasionally but not nearly that much ejection of pieces"
268,48,8033,red,TRUE,TRUE,"[12, 11, 14, 19, 10, 13, 24, 15]","['y', 'b', 'b', 'y', 'y', 'y', 'y', 'm']",1,2,2,4,0,0,4,2,4,4,4,"26eddiez (1072)","Pretty fast and reliable intake \nFast cycle times\nGood drivers\nDo miss a few cones every once in a while"
269,48,8048,red,TRUE,FALSE,"[26, 27, 25, 32, 24, 22, 20, 19]","['b', 'b', 'b', 'b', 'b', 'b', 'b', 'b']",1,0,0,0,0,0,4,2,4,4,1,"25aaravb (1072)","Very fast. Screwed up once with intake, but didn’t cost much. Very good."
270,48,100,blue,TRUE,FALSE,"[20, 24]","['b', 'y']",1,0,2,13,0,0,2,0,2,2,2,"25audreyc (1072)","cone dropped on drivetrain "
271,48,8048,red,TRUE,FALSE,"[26, 17, 32, 22, 21, 20, 19]","['b', 'b', 'b', 'b', 'b', 'b', 'b']",1,0,0,0,0,0,3,0,2,3,3,"26mihirk (1072)","Reliable lowest level bot, not much else."
272,48,1148,blue,FALSE,FALSE,"[14]","['b']",0,0,2,23,0,0,0,0,0,0,0,"25tiffanyg (1072)","- wasnt able to pickup cones effectively "
273,49,4738,red,FALSE,FALSE,"[13, 15, 3, 4, 13]","['y', 'y', 'y', 'b', 'm']",0,2,0,0,0,0,3,1,3,2,2,"25giae (1072)",""
274,49,6238,blue,TRUE,FALSE,"[32, 22]","['y', 'y']",0,0,0,0,0,2,0,0,0,0,0,"abbie s. (1072)",""
275,49,1072,blue,FALSE,FALSE,"[26, 7, 17, 16]","['b', 'y', 'b', 'y']",1,0,2,0,0,0,4,0,3,3,2,"25agastyar (1072)","I think we should form an alliance with this team."
276,49,7777,blue,TRUE,FALSE,"[]","[]",0,0,2,5,0,0,2,1,3,3,0,"25atharvg (1072)","Intake broken so they were trying to push pieces instead but they were really bad."
277,49,2288,red,FALSE,TRUE,"[20, 26, 25, 15]","['b', 'b', 'b', 'b']",1,0,2,5,0,0,0,0,1,0,2,"26alberty (1072)","- unstable, also can't drive really well and bump into other teams\n- probably can be well-defended against\n- nothing too distinctive, but not really bad ig"
278,49,2135,red,TRUE,FALSE,"[27, 26, 25, 24, 14]","['b', 'b', 'b', 'b', 'b']",1,0,2,5,0,0,2,0,3,3,2,"26mihirk (1072)","Decent with consistent scoring at the bottom."
279,50,5026,blue,FALSE,FALSE,"[]","[]",0,0,0,0,0,0,0,0,0,0,0,"25atharvg (1072)","MIA"
280,50,9202,blue,TRUE,FALSE,"[]","[]",0,2,2,2,0,95,0,0,0,0,0,"abbie s. (1072)","no intake, only defense\n"
281,50,840,blue,TRUE,FALSE,"[1, 2, 3, 4]","['b', 'b', 'b', 'y']",1,0,2,0,0,0,2,0,2,2,1,"25agastyar (1072)","Can only score on the bottom row"
282,50,5026,blue,FALSE,FALSE,"[8, 7]","['y', 'b']",0,0,0,0,0,0,2,1,2,3,0,"25atharvg (1072)","They had a game piece stuck on their drivetrain so they couldn’t pick anything up. They tried pushing pieces but weren’t that good at it."
283,50,3189,red,FALSE,FALSE,"[10]","['b']",0,1,1,0,0,13,2,0,2,2,2,"25giae (1072)","defended by 902 and not very good at scoring against defense"
284,50,6305,red,TRUE,FALSE,"[2, 13]","['b', 'y']",1,0,0,0,0,0,2,0,2,1,1,"26mihirk (1072)","Wobbles after stopping, struggled with intake and only scored twice."
285,51,8262,blue,FALSE,FALSE,"[]","[]",0,0,0,0,92,0,0,0,0,0,0,"25atharvg (1072)","They were just bricked "
286,51,6918,red,TRUE,FALSE,"[22, 21]","['b', 'b']",0,0,2,16,8,0,2,1,2,3,2,"25giae (1072)",""
287,51,7419,blue,TRUE,FALSE,"[9, 8, 7]","['b', 'b', 'b']",0,0,1,0,0,0,2,1,2,2,0,"25agastyar (1072)","Has no intake"
288,51,6711,red,FALSE,FALSE,"[27, 8, 26, 25]","['b', 'b', 'b', 'b']",0,0,2,26,0,15,3,1,1,0,0,"26alberty (1072)","- seemed easy to tip over\n- placing mechanism doesn't work, tried doing def\n- not too good at def, slow and unstable\n- pretty resourceful driver, managed to push cubes on ground into rung\n- pretty slow on the climb as well"
289,51,6822,red,FALSE,FALSE,"[5]","['b']",1,2,0,0,0,0,2,2,1,1,0,"26mihirk (1072)","Only able to score preloaded cargo because intake failed. Relatively bad overall, somewhat decent at defense but not very effective."
290,51,5817,blue,TRUE,FALSE,"[8, 10, 12, 13]","['b', 'y', 'y', 'y']",0,2,2,6,0,16,0,0,0,0,0,"abbie s. (1072)","randomly started spinning during teleop— driver issue?"
291,52,5940,red,FALSE,FALSE,"[1, 13, 14, 4, 5, 6, 7, 8, 9]","['y', 'b', 'b', 'y', 'y', 'y', 'y', 'b', 'y']",1,0,2,8,5,0,4,2,3,4,4,"25giae (1072)",""
292,52,1828,blue,TRUE,FALSE,"[]","[]",0,0,2,16,0,93,0,0,0,0,0,"abbie s. (1072)",""
293,52,8033,blue,TRUE,FALSE,"[2, 5, 6, 14, 7, 8, 9, 4, 3, 1]","['b', 'b', 'b', 'b', 'b', 'b', 'y', 'b', 'b', 'b']",0,1,0,0,0,0,4,2,4,4,3,"25atharvg (1072)","I think they were going to go for a 3 team charging station endgame but they ran out of time because of their other teammates."
294,52,100,red,TRUE,FALSE,"[8, 27]","['b', 'y']",1,2,2,4,0,0,2,0,2,2,2,"26alberty (1072)","- nothing that stands out much tbh\n- solid team, high-mid tier"
295,52,670,blue,FALSE,FALSE,"[25, 24, 32, 22, 21, 20, 19]","['y', 'y', 'b', 'y', 'y', 'b', 'y']",0,0,2,0,0,0,4,0,3,3,4,"25agastyar (1072)",""
296,52,2473,red,TRUE,FALSE,"[26]","['b']",1,0,0,2,0,83,1,2,1,3,0,"26mihirk (1072)","I don't believe they ever tried to intake anything, but they tried to play defense for almost all of tele. Also unable to climb the charge station."
297,53,1671,red,TRUE,FALSE,"[6, 5, 22, 32, 14, 19]","['b', 'y', 'y', 'y', 'y', 'b']",0,0,2,16,6,0,4,2,3,3,3,"25giae (1072)",""
298,53,4738,blue,TRUE,FALSE,"[22, 21, 19, 24, 32]","['y', 'y', 'y', 'y', 'b']",0,0,2,0,0,0,3,0,3,3,3,"25agastyar (1072)","Good at scoring cones on the top row"
299,53,6238,blue,FALSE,FALSE,"[18]","['y']",1,0,2,6,0,70,0,1,0,0,0,"25atharvg (1072)","only played defense and really bad at it. Also had nunchucks hanging from it?"
300,53,4400,blue,TRUE,FALSE,"[3, 4, 5, 8]","['b', 'b', 'b', 'b']",0,2,2,14,0,0,0,0,0,0,0,"abbie s. (1072)",""
301,53,973,red,TRUE,TRUE,"[1, 4, 5, 24, 25, 6, 26, 27, 32, 22]","['y', 'y', 'b', 'b', 'b', 'y', 'b', 'b', 'b', 'b']",1,2,2,2,0,0,4,0,4,4,4,"26mihirk (1072)","Very good as expected. "
302,53,9274,red,FALSE,TRUE,"[9]","['y']",1,0,0,31,0,32,1,1,3,2,0,"26alberty (1072)","- rlly confused abt this one\n- weird defense, didn't rlly help\n- took way too long to get in rack, made it hard for other teams as well\n- definitely not good for climb btw \n- no appearant scoring functions "
303,54,2288,blue,FALSE,FALSE,"[2, 12]","['b', 'y']",0,0,0,25,5,0,0,0,0,0,0,"abbie s. (1072)",""
304,54,1422,blue,FALSE,FALSE,"[5]","['b']",1,0,1,0,0,0,2,0,2,2,0,"25agastyar (1072)","No intake."
305,54,840,blue,TRUE,FALSE,"[8, 7]","['b', 'y']",1,0,0,0,59,0,2,0,4,2,1,"25atharvg (1072)","stopped too quickly and fell over "
306,54,8546,red,FALSE,FALSE,"[13, 15, 16]","['y', 'y', 'm']",0,0,2,13,0,0,2,1,4,2,3,"25giae (1072)","fell off the charge station but managed to get back on and level in time"
307,54,6657,red,TRUE,FALSE,"[11, 17]","['b', 'b']",1,0,0,0,0,0,2,0,2,3,0,"26mihirk (1072)","Weak grasp on all objects. No visible upside."
308,54,3189,red,FALSE,FALSE,"[20, 21, 19, 22]","['b', 'b', 'b', 'b']",0,2,2,19,0,0,0,0,1,2,0,"26alberty (1072)","- pretty bad ground intake, super delayed\n- ground placement also slow, ineffective; cube BOUNCES--can be problematic \n- mid climb"
309,55,6822,blue,FALSE,FALSE,"[]","[]",0,0,0,0,130,0,0,0,0,0,0,"25atharvg (1072)","bricked the entire time"
310,55,2551,red,TRUE,FALSE,"[4, 3, 22, 24]","['y', 'y', 'y', 'y']",0,1,2,15,0,0,3,2,3,2,3,"25giae (1072)",""
311,55,7419,blue,TRUE,FALSE,"[]","[]",0,0,2,0,0,0,2,0,1,0,0,"25agastyar (1072)","No intake"
312,55,3970,blue,FALSE,FALSE,"[24, 32, 14, 3, 13, 12, 4]","['y', 'b', 'b', 'b', 'y', 'y', 'b']",1,2,2,3,0,0,0,0,0,0,0,"abbie s. (1072)",""
313,55,1148,red,FALSE,FALSE,"[24, 2, 5, 8, 14, 22]","['y', 'b', 'b', 'b', 'b', 'b']",1,0,2,5,0,0,2,0,1,2,3,"26mihirk (1072)","Only picked up cubes from ground and chute. 3 bot endgame. "
314,55,7777,red,FALSE,FALSE,"[27]","['b']",0,0,2,8,0,48,2,0,0,2,0,"26alberty (1072)","- rookie bot, can't rlly expect much\n- inputs aren't that smooth either; not good that def either\n- bit delayed and stuff, can't necessarily say bad driver\n- their rating is hell inflated\n- can't rlly do much tbh, input placement\n- climb isn't bad though"